{"meta":{"exp_name":"topo_tree","tag":"tree_v1","run_id":"20260122_140613__topo_tree__tree_v1","timestamp":"20260122_140613","run_dir":"E:\\Github\\GNC\\results\\topo_tree\\20260122_140613__topo_tree__tree_v1","root":"E:\\Github\\GNC","script":"E:\\Github\\GNC\\experiments\\02topo_tree\\run_topo_tree","note":"","matlab_version":"25.1.0.2943329 (R2025a)","matlab_release":"2025a","computer":"PCWIN64","hostname":"DESKTOP-0JAGT1I","git":{"available":true,"hash":"8569fe892c99e336b0ad1e70e1f8f8ea087fcccb","branch":"main","is_dirty":true}},"config":{"route_modes":["tree","minhop","etx","greedy","energy","mindist","mix"],"n_runs":20,"base_seed":1,"base":{"verbose":true,"seed":1,"Lx":1000,"Ly":1000,"N":700,"Rc":70,"T":2000,"BS_pos":[500,500],"fire_pos":[250,250],"Rf":220,"lambda":0.05,"alpha":0.03,"prr_floor":0.05,"noise_sigma":0.02,"USE_PRR_TH":false,"PRR_MIN":0.15,"E0":100,"Etx":0.9,"Erx":0.4,"Eidle":0.001,"p_rand":1E-5,"beta_fire":0.05,"fire_kill_scale":0.0001,"Qmax":50,"TTLmax":25,"Ksend":20,"MAX_RETX":5,"RETX_TO_TAIL":true,"hotspot_enable":false,"hotspot_ratio":0.3,"hotspot_sigma":40,"Kc":8,"cluster_sigma":60,"cluster_center_mode":"random","cluster_mix_uniform_ratio":0.15,"road_count":3,"road_width":10,"road_mix_uniform_ratio":0.2,"road_node_ratio":0.8},"topo_modes":["uniform","cluster","road"],"lambda_list":[0.01,0.02,0.05,0.08,0.1],"alpha_list":[0.005,0.01,0.02,0.03,0.04],"N_list":[200,400,700,1000],"Rc_list":[40,60,80,100,120,150,180,220]},"summary":{"topo_modes":["uniform","cluster","road"],"route_modes":["tree","minhop","etx","greedy","energy","mindist","mix"],"n_runs":20},"extra":{}}