{"meta":{"exp_name":"aodv_energy_hybrid","tag":"v1","run_id":"20260122_164507__aodv_energy_hybrid__v1","timestamp":"20260122_164507","run_dir":"E:\\Github\\GNC\\results\\aodv_energy_hybrid\\20260122_164507__aodv_energy_hybrid__v1","root":"E:\\Github\\GNC","script":"E:\\Github\\GNC\\experiments\\04AODV\\run_aodv_energy_hybrid","note":"","matlab_version":"25.1.0.2943329 (R2025a)","matlab_release":"2025a","computer":"PCWIN64","hostname":"DESKTOP-0JAGT1I","git":{"available":true,"hash":"6ea8a058a11725f8bc543f4c0aa3fc8de62859e5","branch":"main","is_dirty":true}},"config":{"route_modes":["tree_energy_dyn50","tree_energy_aodv_dyn50"],"n_runs":20,"base_seed":1,"base":{"verbose":true,"seed":1,"Lx":1000,"Ly":1000,"N":700,"Rc":150,"T":2000,"BS_pos":[500,500],"fire_pos":[250,250],"Rf":220,"lambda":0.02,"alpha":0.01,"prr_floor":0.08,"noise_sigma":0.02,"USE_PRR_TH":true,"PRR_MIN":0.15,"E0":100,"Etx":0.9,"Erx":0.4,"Eidle":0.001,"p_rand":1E-5,"beta_fire":0.05,"fire_kill_scale":0.0001,"Qmax":50,"TTLmax":25,"Ksend":20,"MAX_RETX":5,"RETX_TO_TAIL":true,"hotspot_enable":false,"hotspot_ratio":0.3,"hotspot_sigma":40,"Kc":8,"cluster_sigma":60,"cluster_center_mode":"random","cluster_mix_uniform_ratio":0.15,"road_count":3,"road_sigma":18,"road_lane_width":18,"road_uniform_mix_ratio":0.2,"tree_cost":"etx","tree_rebuild_period":50,"tree_energy_beta":2,"tree_energy_min_frac":0.1,"local_switch_prr_min":0.2,"local_switch_energy_min":0.15,"local_switch_gain":0.1,"local_switch_hop_weight":0.1,"local_switch_hop_strict":true},"topo_modes":["uniform","cluster","road"],"lambda_list":[0.01,0.02,0.05,0.08,0.1]},"summary":{"topo_modes":["uniform","cluster","road"],"route_modes":["tree_energy_dyn50","tree_energy_aodv_dyn50"],"n_runs":20},"extra":{}}